"id";"username";"password";"token";"role"
1;"Ankit";"$2a$10$jDZsyi7XAE.CayMYTvuj7uBdrgVHqTW7RimbQ6tuwO29uArgHGH.u";"8KxD85yu";"1"
2;"test";"$2a$10$IqnqIv82JuSM3/tmU5EAiuOIBXz2PAvppJzJeLnoqRxE9sZDXYQ9q";"aRn1BvCO";"2"
4;"John";"$2a$10$GOxvn8EFhZ7Roe2YKCMbeeDiXVE/bI.1KwQv6.51FpPFx9.4gA.KW";"B4dJ1d7e";"2"
5;"John2";"$2a$10$hl06PUAc2plxpSu18fyNHeytEYBwWpREBqcP3rfJ8XgWzY6pVeHbi";"WE2aBPoe";"2"
6;"John3";"$2a$10$OHog.BSBzn8qu7LMHeFB6./KZY5HViimnIaOtfrXgyIz4QxCxm/bC";"LrQAtjhl";"2"
7;"John4";"$2a$10$UG8gwEJ7yDkfMQepIchv9OEVTgQdESIFKl9p6f/zDCAjpYG3kJZAu";"pDCkx1no";"1"
8;"John5";"$2a$10$rgAruSy93i3ZfyQO9E141eEYlXVkCzH/N1zSOFhvE6wcINcEJw//2";"LsWreYQl";"2"
9;"John6";"$2a$10$aetjaraBv5X4.Fl2rk5oK.oeTMQuN7GBlbuU3U1ff9iOPrQVzkOEy";"L9eIj1Ry";"2"
10;"John7";"$2a$10$2Dk2Le8w3bM654N9SYJ/d.ialG6ELnsUIuvgZOyHhiXFHElKdDEgq";"RqDISXCD";"2"
11;"John8";"$2a$10$1428eru3TGII9syj93Z5uOUdOnlzFV.k5oD63gNl2TSiKArrkXzY2";"Lcskmgl7";"2"
12;"John9";"$2a$10$PXgi0Q0qOyusah4qENkF9e0JOsYFLqI8mV98sE0EkTTaepEPiMt3O";"j2mzQp4i";"2"
13;"John12";"$2a$10$93EufL4Osej2mA607/U3ner6E4sTSDGZ8uiWWcr84yd6AMcVeP1aG";"qF34sfkY";"2"
14;"John14";"$2a$10$UeJFWKpG3bbdEAiKEAkZWOI5TMZBZVNOu5qU6zKDH4uGRmmPitbUa";"0h8KgO1y";"3"
15;"dp1";"$2a$10$BHqBLxBzKnhHt7fu7fxQNeP4GN7syJJs/.YpVVt5Zz6Z58l3d/Vw2";"ICGQWeM8";"3"
16;"dp2";"$2a$10$PM4az77ctLylKz251xMQHe7yeobpLG19cZwmK76RVGH6VfB.xRHe2";"COVQgmgE";"3"
17;"dp3";"$2a$10$lFkx.01SbCjKPgnkmYtQ6.sUJFDqk1z9muPhsUGvM8haS4KJIiJA2";"i1IEco0w";"3"
18;"dp4";"$2a$10$YB1KhqV3bsgltFH2XStSsuKxOT16L1q4WnVKqxxmCEyYQnOGsdj1S";"CDT8UohL";"3"
19;"dp5";"$2a$10$PmadZ..FoBw8CCxeYh4EeuvKwZELr1i4t6l2ndYLy2pAuCyzJQ8ZW";"STVMRJ4k";"3"
20;"dp6";"$2a$10$Hcpwxc0tJLjp0jjxcy1NNOHDAKVJF/TjTsB7C9seDVUV/SyzdyQ6S";"w2NyjDwV";"3"
21;"dp7";"$2a$10$Wv9P3Yfihg2BcO3jr0Trdu.yRaG1snksOQ4QVgyVhNsJxGxw7TAD.";"OUhDYaDb";"3"
22;"dp8";"$2a$10$/a2sY6S3J5IL2ywCLi.bmutPGl1.dcdW7cQkzaXnAteLlaGETNtKe";"ghsg7uqu";"3"
23;"dp9";"$2a$10$BfzEKysjArCztkuySFxBOe7r6dDORmH/bgyKsurHc4Xw7AlHUkEAe";"JzlaT3qR";"3"
24;"dp10";"$2a$10$t5t78HkIv.CwRoqg1bCIJOVYvo3ZyDtT6LZnxUCYVYB71Ip2yrwMu";"QfiTFgCf";"3"
25;"dp11";"$2a$10$xX0Kn9M6344jWzT4klqwAOGSNB4FbardibP/dac4Q8jdeqWFh9m3y";"4gBD8RPr";"3"
26;"dp12";"$2a$10$Y19vOjtNlMUQfn042HzRTOt4f1ZHu5QluCN4e2cP3h5PauNNisAaG";"hZ9zgQvy";"3"
27;"dp13";"$2a$10$lsu4SMyyxsCMTVCZEJxafOBtA1xx.wlvOMYN7JlPOHg3Wjtkz2eJ6";"4eqWqLVB";"3"
28;"dp14";"$2a$10$4SEtRxgIiaF.CkZUsXQ41ORKJO7xN/ccEcBVJfeGenrW29IoQFOce";"qpTI1whS";"3"
29;"dp15";"$2a$10$/WaKbh./WRJZ0tFllNCspONtJnaKzevhX1C9KXzDjXXTCk6RQ.5ga";"gB1gn4AO";"3"
